Ring,"Your precious family heirloom ring!"
Travel Pillow,"For comfort during long flights or bus rides."
T-shirt,"Comfortable and easy to pack for everyday wear."
Toothbrush,"Essential for maintaining oral hygiene while traveling."
Camera,"To capture memories of your travels."
Laptop,"Useful for work, entertainment, or staying in touch while traveling."
Sunscreen,"To protect the skin from harmful UV rays."
Travel Guide,"Helpful for navigating new destinations and finding points of interest."
Headphones,"For enjoying music or watching movies without distractions."
Socks,"A must-have for comfort during travel, especially on long journeys."
Power Bank,"To keep electronic devices charged while on the go."
Hat,"Useful for sun protection and completing your travel outfit."